payment_id,user_id,amount,status,payment_date
1,1,1999,success,2026-02-01
2,2,999,success,2026-02-07
3,3,999,success,2026-01-14
4,6,999,success,2026-02-14
5,7,1999,success,2026-01-28
6,9,1999,success,2026-02-24
7,10,1999,success,2026-02-18
8,10,999,success,2026-02-21
9,16,999,success,2026-01-05
10,17,1999,success,2026-02-01
11,28,1999,success,2026-01-10
12,28,1999,success,2026-01-09
13,29,1999,success,2026-01-17
14,29,499,success,2026-01-20
15,35,999,success,2026-02-10
16,39,999,success,2026-02-11
17,39,499,success,2026-02-12
18,41,499,success,2026-02-05
19,42,499,success,2026-01-18
20,44,499,success,2026-01-06
21,45,1999,success,2026-02-10
22,48,999,success,2026-01-13
23,50,1999,success,2026-01-21
24,51,999,success,2026-02-09
25,53,999,success,2026-01-24
26,53,1999,success,2026-02-01
27,54,1999,success,2026-01-30
28,56,1999,success,2026-01-16
29,58,499,success,2026-02-09
30,59,499,success,2026-02-20
31,61,499,success,2026-01-14
32,65,999,success,2026-01-10
33,65,1999,success,2026-01-06
34,68,999,success,2026-02-10
35,68,1999,success,2026-02-16
36,69,1999,success,2026-02-15
37,69,1999,success,2026-02-13
38,79,1999,success,2026-01-20
39,82,499,success,2026-01-16
40,85,499,success,2026-02-09
41,86,499,success,2026-01-21
42,87,1999,success,2026-02-24
43,88,999,success,2026-02-24
44,88,499,success,2026-02-18
45,89,499,success,2026-02-21
46,90,1999,success,2026-01-18
47,90,499,success,2026-01-28
48,94,999,success,2026-02-02
49,95,1999,success,2026-02-19
50,97,999,success,2026-01-17
51,98,999,success,2026-01-23
52,99,499,success,2026-01-22
53,99,999,success,2026-01-29
54,100,499,success,2026-01-05
55,100,999,success,2026-01-11
56,102,499,success,2026-02-22
57,106,499,success,2026-02-06
58,111,499,success,2026-02-09
59,111,499,success,2026-02-06
60,115,1999,success,2026-01-22
61,118,999,success,2026-01-20
62,118,1999,success,2026-01-09
63,119,499,success,2026-02-15
64,122,1999,success,2026-01-18
65,124,1999,success,2026-01-20
66,124,499,success,2026-01-27
67,125,1999,success,2026-02-23
68,126,1999,success,2026-02-09
69,130,999,success,2026-01-15
70,131,499,success,2026-02-10
71,131,999,success,2026-02-18
72,132,499,success,2026-02-08
73,136,1999,success,2026-01-21
74,136,1999,success,2026-01-19
75,141,999,success,2026-01-23
76,141,1999,success,2026-01-20
77,144,999,success,2026-01-19
78,145,999,success,2026-01-24
79,147,499,success,2026-02-10
80,149,1999,success,2026-02-20
81,150,499,success,2026-01-18
82,151,499,success,2026-01-08
83,153,999,success,2026-01-20
84,153,1999,success,2026-01-22
85,154,1999,success,2026-02-02
86,155,999,success,2026-02-01
87,157,1999,success,2026-01-19
88,158,999,success,2026-01-13
89,159,499,success,2026-02-11
90,160,499,success,2026-02-02
91,162,999,success,2026-01-12
92,163,499,success,2026-01-31
93,165,999,success,2026-01-12
94,165,1999,success,2026-01-22
95,167,499,success,2026-01-30
96,168,999,success,2026-02-08
97,168,499,success,2026-02-03
98,170,999,success,2026-01-06
99,170,499,success,2026-01-17
100,174,1999,success,2026-01-31
101,174,499,success,2026-02-08
102,183,999,success,2026-01-13
103,183,999,success,2026-01-16
104,184,499,success,2026-02-03
105,185,999,success,2026-02-01
106,187,1999,success,2026-02-18
107,189,1999,success,2026-02-23
108,198,1999,success,2026-02-02
109,199,1999,success,2026-02-20
110,199,999,success,2026-02-18
111,200,999,success,2026-01-16
112,205,499,success,2026-02-19
113,206,499,success,2026-02-23
114,208,1999,success,2026-01-31
115,210,499,success,2026-01-17
116,212,499,success,2026-01-20
117,213,1999,success,2026-02-08
118,213,1999,success,2026-02-02
119,216,499,success,2026-02-12
120,219,499,success,2026-01-15
121,222,999,success,2026-01-27
122,223,999,success,2026-02-10
123,225,999,success,2026-01-31
124,226,499,success,2026-01-17
125,227,499,success,2026-02-22
126,229,999,success,2026-02-06
127,230,499,success,2026-01-25
128,231,1999,success,2026-02-15
129,234,499,success,2026-02-01
130,236,999,success,2026-01-16
131,236,999,success,2026-01-20
132,238,499,success,2026-02-13
133,239,499,success,2026-01-23
134,240,499,success,2026-01-25
135,243,499,success,2026-01-26
136,243,999,success,2026-01-28
137,245,499,success,2026-02-12
138,246,999,success,2026-01-16
139,247,1999,success,2026-01-10
140,248,1999,success,2026-01-15
141,248,499,success,2026-01-09
142,249,499,success,2026-01-12
143,250,999,success,2026-02-09
144,250,499,success,2026-02-15
145,251,1999,success,2026-01-12
146,253,1999,success,2026-02-05
147,254,1999,success,2026-01-16
148,255,499,success,2026-02-17
149,255,1999,success,2026-02-09
150,258,1999,success,2026-02-23
151,262,999,success,2026-01-16
152,263,1999,success,2026-01-13
153,266,499,success,2026-01-28
154,267,999,success,2026-01-10
155,268,1999,success,2026-02-18
156,268,499,success,2026-02-14
157,269,499,success,2026-02-04
158,269,1999,success,2026-02-08
159,274,1999,success,2026-02-16
160,275,1999,success,2026-02-04
161,275,1999,success,2026-02-09
162,277,499,success,2026-01-08
163,279,999,success,2026-01-27
164,279,1999,success,2026-02-01
165,284,999,success,2026-01-31
166,284,499,success,2026-02-08
167,286,499,success,2026-01-07
168,286,499,success,2026-01-08
169,287,999,success,2026-02-11
170,287,999,success,2026-02-11
171,288,999,success,2026-02-18
172,289,499,success,2026-02-04
173,292,999,success,2026-02-24
174,293,499,success,2026-02-08
175,293,499,success,2026-02-06
176,296,999,success,2026-02-25
177,296,999,success,2026-02-18
178,297,999,success,2026-01-07
179,298,499,success,2026-01-23
180,299,999,success,2026-01-31
181,299,1999,success,2026-02-10
182,301,1999,success,2026-02-14
183,302,499,success,2026-01-03
184,303,999,success,2026-02-08
185,308,499,success,2026-01-06
186,309,499,success,2026-02-25
187,312,999,success,2026-01-30
188,312,499,success,2026-01-29
189,317,1999,success,2026-01-14
190,322,999,success,2026-02-16
191,322,999,success,2026-02-09
192,323,1999,success,2026-02-02
193,325,999,success,2026-01-22
194,325,999,success,2026-01-24
195,328,499,success,2026-01-14
196,328,999,success,2026-01-20
197,333,1999,success,2026-02-05
198,336,499,success,2026-02-12
199,337,999,success,2026-01-22
200,337,1999,success,2026-01-20
201,339,999,success,2026-02-17
202,339,1999,success,2026-02-06
203,340,1999,success,2026-01-21
204,340,499,success,2026-01-18
205,344,999,success,2026-02-16
206,344,999,success,2026-02-19
207,345,1999,success,2026-02-04
208,348,499,success,2026-01-13
209,348,499,success,2026-01-14
210,349,499,success,2026-02-10
211,349,499,success,2026-01-30
212,352,1999,success,2026-01-08
213,353,499,success,2026-02-13
214,355,1999,success,2026-02-10
215,357,999,success,2026-01-25
216,359,499,success,2026-02-20
217,359,999,success,2026-02-18
218,360,499,success,2026-01-17
219,362,999,success,2026-01-30
220,362,999,success,2026-02-05
221,363,1999,success,2026-02-09
222,363,999,success,2026-02-12
223,366,1999,success,2026-01-17
224,368,499,success,2026-01-22
225,368,999,success,2026-02-01
226,370,499,success,2026-02-08
227,373,499,success,2026-01-07
228,373,999,success,2026-01-14
229,375,499,success,2026-01-22
230,375,999,success,2026-01-19
231,377,1999,success,2026-01-06
232,377,999,success,2026-01-04
233,380,499,success,2026-01-27
234,381,999,success,2026-02-15
235,382,999,success,2026-02-05
236,382,1999,success,2026-01-31
237,385,1999,success,2026-01-20
238,385,499,success,2026-01-13
239,389,999,success,2026-01-25
240,390,1999,success,2026-02-27
241,393,999,success,2026-01-24
242,393,999,success,2026-01-14
243,394,999,success,2026-01-27
244,394,999,success,2026-01-27
245,397,999,success,2026-02-06
246,399,499,success,2026-01-21
247,399,499,success,2026-01-24
248,400,499,success,2026-01-29
249,401,499,success,2026-01-11
250,403,1999,success,2026-01-29
251,403,999,success,2026-01-23
252,405,499,success,2026-01-28
253,411,1999,success,2026-01-13
254,411,999,success,2026-01-18
255,413,999,success,2026-02-02
256,417,999,success,2026-02-19
257,420,1999,success,2026-02-15
258,426,499,success,2026-01-27
259,427,1999,success,2026-01-25
260,435,999,success,2026-01-12
261,438,499,success,2026-02-20
262,438,499,success,2026-02-21
263,443,1999,success,2026-01-21
264,450,1999,success,2026-02-04
265,450,999,success,2026-02-08
266,451,1999,success,2026-02-15
267,451,999,success,2026-02-19
268,452,499,success,2026-01-11
269,455,499,success,2026-01-26
270,455,1999,success,2026-01-20
271,460,999,success,2026-02-08
272,461,1999,success,2026-02-10
273,462,1999,success,2026-01-19
274,462,999,success,2026-01-25
275,467,1999,success,2026-02-18
276,468,499,success,2026-01-28
277,468,999,success,2026-01-28
278,469,1999,success,2026-02-03
279,472,999,success,2026-01-19
280,476,499,success,2026-01-23
281,476,1999,success,2026-01-09
282,478,499,success,2026-01-20
283,478,1999,success,2026-01-12
284,479,1999,success,2026-01-17
285,479,999,success,2026-01-10
286,483,1999,success,2026-01-31
287,484,999,success,2026-01-16
288,485,499,success,2026-02-20
289,486,1999,success,2026-02-14
290,494,999,success,2026-01-13
291,494,1999,success,2026-01-27
292,495,999,success,2026-02-03
293,498,499,success,2026-01-06
294,498,999,success,2026-01-19
295,500,499,success,2026-02-03
296,500,499,success,2026-01-26
297,503,999,success,2026-02-21
298,503,499,success,2026-02-25
299,504,499,success,2026-02-04
300,505,999,success,2026-01-18
301,507,1999,success,2026-01-20
302,510,999,success,2026-01-26
303,515,499,success,2026-01-24
304,518,1999,success,2026-01-22
305,521,499,success,2026-02-08
306,522,499,success,2026-01-29
307,523,1999,success,2026-02-21
308,526,999,success,2026-02-03
309,527,1999,success,2026-02-09
310,527,1999,success,2026-02-21
311,529,1999,success,2026-01-17
312,530,499,success,2026-02-14
313,530,1999,success,2026-02-18
314,531,999,success,2026-02-01
315,533,1999,success,2026-01-23
316,537,1999,success,2026-01-14
317,537,499,success,2026-01-09
318,539,499,success,2026-02-05
319,539,999,success,2026-02-08
320,541,999,success,2026-02-14
321,541,499,success,2026-02-04
322,542,1999,success,2026-01-21
323,542,1999,success,2026-01-30
324,549,999,success,2026-01-15
325,551,1999,success,2026-01-19
326,553,999,success,2026-02-06
327,554,999,success,2026-01-29
328,554,499,success,2026-02-06
329,556,499,success,2026-01-31
330,558,999,success,2026-02-11
331,562,999,success,2026-02-07
332,567,999,success,2026-01-30
333,573,1999,success,2026-03-01
334,574,999,success,2026-01-25
335,575,1999,success,2026-01-13
336,576,499,success,2026-01-07
337,576,499,success,2026-01-17
338,578,1999,success,2026-02-28
339,579,1999,success,2026-02-11
340,579,1999,success,2026-02-06
341,581,499,success,2026-01-18
342,582,1999,success,2026-01-12
343,584,1999,success,2026-01-29
344,584,1999,success,2026-02-04
345,586,499,success,2026-01-23
346,587,999,success,2026-01-20
347,588,999,success,2026-02-12
348,589,1999,success,2026-01-18
349,590,1999,success,2026-01-19
350,593,999,success,2026-02-22
351,596,1999,success,2026-01-15
352,597,999,success,2026-02-07
353,597,499,success,2026-01-24
354,600,499,success,2026-01-13
355,602,499,success,2026-02-19
356,603,999,success,2026-02-19
357,605,499,success,2026-01-22
358,608,499,success,2026-02-22
359,610,1999,success,2026-01-22
360,611,1999,success,2026-01-21
361,612,499,success,2026-01-25
362,613,499,success,2026-01-20
363,616,999,success,2026-01-20
364,616,1999,success,2026-01-07
365,619,999,success,2026-01-24
366,620,499,success,2026-02-16
367,626,499,success,2026-02-12
368,627,499,success,2026-01-22
369,628,999,success,2026-02-13
370,629,999,success,2026-01-13
371,629,999,success,2026-01-14
372,630,499,success,2026-01-22
373,631,1999,success,2026-01-14
374,632,1999,success,2026-01-30
375,632,1999,success,2026-02-06
376,633,999,success,2026-02-02
377,633,499,success,2026-02-09
378,638,499,success,2026-01-18
379,643,1999,success,2026-02-08
380,647,499,success,2026-01-24
381,651,999,success,2026-01-29
382,651,499,success,2026-01-30
383,652,1999,success,2026-02-17
384,652,499,success,2026-02-27
385,653,499,success,2026-01-07
386,655,999,success,2026-01-16
387,659,999,success,2026-02-21
388,660,499,success,2026-02-17
389,664,499,success,2026-02-14
390,665,499,success,2026-01-29
391,666,499,success,2026-02-12
392,669,999,success,2026-02-02
393,671,1999,success,2026-02-14
394,672,1999,success,2026-01-05
395,672,999,success,2026-01-04
396,674,999,success,2026-01-22
397,674,1999,success,2026-01-14
398,676,999,success,2026-02-12
399,679,999,success,2026-01-09
400,685,1999,success,2026-02-11
401,688,999,success,2026-01-25
402,689,499,success,2026-01-16
403,692,999,success,2026-02-03
404,694,1999,success,2026-01-20
405,695,999,success,2026-01-26
406,695,499,success,2026-02-01
407,699,999,success,2026-02-02
408,702,499,success,2026-01-22
409,703,1999,success,2026-02-03
410,704,1999,success,2026-01-26
411,704,499,success,2026-02-04
412,705,1999,success,2026-02-25
413,709,1999,success,2026-01-20
414,714,1999,success,2026-01-09
415,714,499,success,2026-01-13
416,718,499,success,2026-01-22
417,723,999,success,2026-01-30
418,724,1999,success,2026-02-10
419,725,999,success,2026-02-01
420,727,1999,success,2026-02-04
421,728,999,success,2026-02-16
422,729,999,success,2026-02-20
423,736,499,success,2026-02-12
424,738,1999,success,2026-02-08
425,738,999,success,2026-02-10
426,739,499,success,2026-02-09
427,740,1999,success,2026-01-13
428,741,499,success,2026-01-21
429,742,1999,success,2026-02-07
430,744,999,success,2026-02-23
431,744,1999,success,2026-02-16
432,746,499,success,2026-02-12
433,747,1999,success,2026-02-25
434,747,999,success,2026-02-16
435,749,499,success,2026-02-22
436,751,499,success,2026-01-28
437,752,499,success,2026-02-04
438,755,499,success,2026-02-01
439,757,499,success,2026-02-07
440,758,499,success,2026-02-03
441,758,1999,success,2026-01-27
442,759,1999,success,2026-01-13
443,761,499,success,2026-02-01
444,764,499,success,2026-02-09
445,768,999,success,2026-02-17
446,768,1999,success,2026-02-11
447,769,999,success,2026-01-21
448,770,999,success,2026-02-14
449,772,499,success,2026-02-03
450,776,499,success,2026-01-28
451,778,499,success,2026-01-18
452,779,1999,success,2026-02-09
453,781,1999,success,2026-02-28
454,781,1999,success,2026-02-23
455,782,1999,success,2026-01-14
456,783,1999,success,2026-02-04
457,784,999,success,2026-01-23
458,786,999,success,2026-01-23
459,786,499,success,2026-01-22
460,788,499,success,2026-01-22
461,788,499,success,2026-01-18
462,789,1999,success,2026-01-09
463,789,999,success,2026-01-15
464,791,1999,success,2026-01-12
465,795,999,success,2026-01-17
466,798,999,success,2026-02-16
467,798,499,success,2026-02-16
468,803,499,success,2026-02-18
469,803,999,success,2026-02-23
470,804,1999,success,2026-02-02
471,805,999,success,2026-01-26
472,809,1999,success,2026-02-17
473,809,1999,success,2026-02-08
474,811,1999,success,2026-01-16
475,814,999,success,2026-02-10
476,815,999,success,2026-02-12
477,815,499,success,2026-02-08
478,818,499,success,2026-02-13
479,819,499,success,2026-02-13
480,819,1999,success,2026-02-11
481,820,499,success,2026-02-27
482,822,999,success,2026-01-29
483,831,999,success,2026-01-28
484,835,499,success,2026-02-20
485,836,499,success,2026-01-23
486,837,999,success,2026-02-18
487,837,1999,success,2026-02-07
488,838,1999,success,2026-02-07
489,844,499,success,2026-02-02
490,844,1999,success,2026-02-13
491,851,999,success,2026-01-28
492,854,999,success,2026-02-07
493,856,999,success,2026-01-07
494,859,1999,success,2026-01-18
495,862,1999,success,2026-02-20
496,862,1999,success,2026-02-18
497,864,999,success,2026-02-04
498,864,499,success,2026-02-06
499,865,1999,success,2026-01-20
500,866,999,success,2026-01-20
501,867,499,success,2026-02-23
502,867,999,success,2026-02-21
503,868,1999,success,2026-01-28
504,870,1999,success,2026-01-16
505,871,999,success,2026-01-30
506,872,999,success,2026-01-31
507,872,1999,success,2026-01-25
508,873,999,success,2026-01-25
509,874,499,success,2026-01-06
510,876,499,success,2026-01-28
511,879,499,success,2026-01-15
512,880,499,success,2026-02-03
513,882,499,success,2026-01-06
514,882,1999,success,2026-01-04
515,885,999,success,2026-02-21
516,888,499,success,2026-02-15
517,889,999,success,2026-01-27
518,891,499,success,2026-02-26
519,893,999,success,2026-02-05
520,893,1999,success,2026-01-30
521,894,1999,success,2026-02-04
522,895,1999,success,2026-01-23
523,896,1999,success,2026-02-06
524,896,499,success,2026-01-29
525,899,499,success,2026-02-20
526,899,999,success,2026-02-16
527,901,999,success,2026-01-08
528,902,999,success,2026-01-14
529,907,1999,success,2026-02-09
530,908,999,success,2026-02-08
531,909,499,success,2026-01-06
532,909,1999,success,2026-01-17
533,911,499,success,2026-02-13
534,911,999,success,2026-02-04
535,912,999,success,2026-02-20
536,912,499,success,2026-02-22
537,913,999,success,2026-02-17
538,916,499,success,2026-02-15
539,916,999,success,2026-02-13
540,918,499,success,2026-02-21
541,922,499,success,2026-01-15
542,925,499,success,2026-01-23
543,926,1999,success,2026-01-19
544,926,999,success,2026-01-26
545,929,999,success,2026-02-18
546,931,499,success,2026-01-29
547,931,1999,success,2026-02-09
548,933,1999,success,2026-02-14
549,935,1999,success,2026-01-27
550,935,999,success,2026-01-27
551,936,499,success,2026-01-06
552,938,499,success,2026-01-29
553,939,499,success,2026-02-19
554,939,1999,success,2026-02-21
555,941,999,success,2026-01-14
556,944,999,success,2026-02-15
557,946,999,success,2026-01-13
558,946,1999,success,2026-01-02
559,947,1999,success,2026-01-06
560,952,999,success,2026-02-10
561,953,999,success,2026-01-13
562,955,1999,success,2026-02-18
563,959,999,success,2026-02-05
564,961,1999,success,2026-01-21
565,967,1999,success,2026-02-06
566,967,1999,success,2026-02-01
567,970,499,success,2026-02-16
568,970,499,success,2026-02-15
569,978,999,success,2026-02-06
570,979,1999,success,2026-02-24
571,981,999,success,2026-01-23
572,987,999,success,2026-02-11
573,990,999,success,2026-02-10
574,990,499,success,2026-02-06
575,993,1999,success,2026-02-12
576,994,999,success,2026-01-16
577,995,499,success,2026-02-04
578,995,499,success,2026-01-30
579,996,499,success,2026-02-07
580,999,1999,success,2026-02-02
581,999,1999,success,2026-02-07
582,1000,1999,success,2026-02-09
583,1000,1999,success,2026-02-07
